<?xml version="1.0" encoding="UTF-8" standalone="yes"?>
<SharedFlowBundle revision="2" name="SF-Verificar-OAuth-Token">
    <ConfigurationVersion majorVersion="4" minorVersion="0"/>
    <CreatedAt>1626526389995</CreatedAt>
    <CreatedBy>joaomarcosrueda@gmail.com</CreatedBy>
    <Description>undefined</Description>
    <DisplayName>SF-Verificar-OAuth-Token</DisplayName>
    <LastModifiedAt>1626526389995</LastModifiedAt>
    <LastModifiedBy>joaomarcosrueda@gmail.com</LastModifiedBy>
    <ManifestVersion>SHA-512:d63ba7206efac8ddbcf2936049e28139a262bf11baa319f90a19135b9d791424a886d396dded36d34397eed4c18cdc18a4f1a2467c47ebcc8aaf632222fc8aaa:us-east-1</ManifestVersion>
    <Policies>
        <Policy>OA-verifytoken</Policy>
        <Policy>RF-401-Error</Policy>
        <Policy>am-removeheaderauthorization</Policy>
    </Policies>
    <Resources/>
    <Spec></Spec>
    <subType>SharedFlow</subType>
    <SharedFlows>
        <SharedFlow>default</SharedFlow>
    </SharedFlows>
</SharedFlowBundle>
