<?xml version="1.0" encoding="UTF-8" standalone="yes"?>
<Manifest name="manifest">
    <Policies>
        <VersionInfo resourceName="JS-ValidaID" version="SHA-512:8ddb96ec55768e6300c0a8257392b548813b85d72f4e01580b088512ad5db2fae6c25e5bbe419b4f1074eb12cf32b20ab0d1af020cfca879e6f4223ad617cfbc"/>
        <VersionInfo resourceName="RF-404-Error" version="SHA-512:f0939f8f046266fc8fae3572eab7c63f576eba252cd740d8c07ba8aa896971ee8a2c353ab9ac275f4561dd97054dd0db00e5f80304825dc520485ed76f2cda8e"/>
        <VersionInfo resourceName="RF-500-Error" version="SHA-512:f2316ea1164ec620c63caefbcd0e5e70da1d68c1214a6d4bd23abf8c4979f4af7f1ef6406c376d1d9757fd6acf55be731a9db560b17c25afb53be1fb7c956157"/>
    </Policies>
    <ProxyEndpoints/>
    <Resources>
        <VersionInfo resourceName="jsc://JS-Valid-ID.js" version="SHA-512:ac23024e31e204c2619e82f71aa477195ac40f0ef5896471f64cff6f07b054ce590218c128aa3a1a5449bfbb8028078fb47552b6979154dd54ef72cff01ef3c1"/>
    </Resources>
    <SharedFlows>
        <VersionInfo resourceName="default" version="SHA-512:53b76a8373aa0546e82ad3c8defb009ca9549cdfcf66fe6bab2322f1f75950f76a83d77773da34e6c03897f62e4f062b09ea85ddb1a550fdb6980311630a3d9a"/>
    </SharedFlows>
    <TargetEndpoints/>
</Manifest>
