<?xml version="1.0" encoding="UTF-8" standalone="yes"?>
<SharedFlow name="default">
    <Step>
        <Name>OA-verifytoken</Name>
    </Step>
    <Step>
        <Name>RF-401-Error</Name>
        <Condition>(oauthV2.failed = "true") and ((oauthV2.OA-verifytoken.fault.name  = "keymanagement.service.invalid_access_token") or (oauthV2.OA-verifytoken.fault.name = "keymanagement.service.access_token_expired"))</Condition>
    </Step>
    <Step>
        <Name>am-removeheaderauthorization</Name>
    </Step>
</SharedFlow>