<?xml version="1.0" encoding="UTF-8" standalone="yes"?>
<SharedFlowBundle revision="3" name="SF-Validar-Request-ID">
    <ConfigurationVersion majorVersion="4" minorVersion="0"/>
    <CreatedAt>1626526497289</CreatedAt>
    <CreatedBy>joaomarcosrueda@gmail.com</CreatedBy>
    <Description>undefined</Description>
    <DisplayName>SF-Validar-Request-ID</DisplayName>
    <LastModifiedAt>1626527658515</LastModifiedAt>
    <LastModifiedBy>joaomarcosrueda@gmail.com</LastModifiedBy>
    <ManifestVersion>SHA-512:ed9daa52404beec66a9eef0b870af1edc37932e941eb45676a985b090d9e2941babb70c3282912a97e4a3c2eb215d2c1b1ff9a3c1da35e03def99b547dd8b44e:us-east-1</ManifestVersion>
    <Policies>
        <Policy>JS-ValidaID</Policy>
        <Policy>RF-404-Error</Policy>
        <Policy>RF-500-Error</Policy>
    </Policies>
    <Resources>
        <Resource>jsc://JS-Valid-ID.js</Resource>
    </Resources>
    <Spec></Spec>
    <subType>SharedFlow</subType>
    <SharedFlows>
        <SharedFlow>default</SharedFlow>
    </SharedFlows>
</SharedFlowBundle>
